Date,All Commodity Price Index,Non-Fuel Price Index,Food and Beverage Price Index,Food Price Index,Beverage Price Index,Industrial Inputs Price Index,Agricultural Raw Materials Index,Metals Price Index,Fuel Energy Index
01-01-1992,52.87671831,83.32902562,96.09922831,97.98689702,78.67429257,70.43008037,87.01345676,58.45171205,35.06106211
01-02-1992,53.02078449,83.70593157,95.6724015,98.21393543,72.21168239,71.6188219,86.86287748,60.60786079,35.06890894
01-03-1992,52.73693867,83.71563803,94.91865005,97.46168367,71.44408737,72.39968304,88.12699665,61.03965898,34.61332485
01-04-1992,54.27021395,84.333553,92.97064811,95.45696365,70.019646,75.60938318,94.43851135,62.00888187,36.68211767
01-05-1992,55.57781462,85.30572566,94.40044679,97.29745774,67.65834452,76.11931626,95.53543346,62.09482585,38.18595536
01-06-1992,56.6235744,84.38472567,93.08298556,96.07729675,65.44271172,75.59877443,94.14936356,62.19946515,40.38233783
01-07-1992,56.7401309,86.35885397,95.39681456,98.19728461,69.54587447,77.22977734,94.41827447,64.81432319,39.41215039
01-08-1992,56.79232214,87.90390035,99.81873098,102.9177469,71.21193563,75.86895057,91.44198814,64.62036191,38.59096958
01-09-1992,57.70828251,88.71640358,101.4728744,104.8205803,70.57043989,75.83132858,93.52662071,63.04981042,39.56745596
01-10-1992,56.3384011,85.62796184,96.9250113,99.71119388,71.20595794,74.21702137,95.50731354,58.83879229,39.20299197
01-11-1992,54.37386849,83.74346159,94.51637449,96.7190316,74.18380324,72.86194177,95.36260423,56.60944795,37.19163766
01-12-1992,53.29545746,83.54361351,93.13128484,94.64561199,79.15263852,73.85928424,95.91163434,57.93061172,35.59923682
01-01-1993,52.8306412,83.97286498,94.26360245,96.25081414,75.91979254,73.57838163,95.64145755,57.64196174,34.61135993
01-02-1993,53.71930061,84.20897031,93.12008491,95.41430646,71.94228882,75.20801847,100.0774526,57.24453297,35.88178611
01-03-1993,54.2432422,84.68437856,94.14207135,96.86726212,68.98602903,75.13133822,102.4597659,55.39169265,36.43412139
01-04-1993,54.63947304,85.80519531,95.57942532,98.6872962,66.89089014,75.93242658,107.3053575,53.27138867,36.40644432
01-05-1993,54.75846005,87.00352941,96.97043173,100.1224344,67.87451912,76.93614594,111.3332062,52.09074372,35.89397585
01-06-1993,53.36681867,85.5194769,94.84105517,97.91792526,66.43868602,76.10392331,108.2489507,52.88519096,34.55639819
01-07-1993,52.95708185,87.16156795,97.19356655,99.86693671,72.51587663,77.02843193,109.439832,53.61729545,32.94627088
01-08-1993,52.52656931,85.77354752,95.88170484,97.87298433,77.50034537,75.56348499,107.0780174,52.80016661,33.07593367
01-09-1993,51.50738988,84.87184343,95.45954294,96.60250237,84.90896565,74.17740422,106.6974139,50.68781778,31.9880271
01-10-1993,51.77516845,84.09305483,94.285428,95.3525747,84.43467268,73.79792742,108.235574,48.92320922,32.86808377
01-11-1993,50.46952282,84.03482955,95.4332988,96.51246241,85.47161612,72.52144684,106.4446504,48.01831688,30.83265395
01-12-1993,49.30711078,85.79347282,98.20614572,99.35784846,87.57485957,73.25566179,104.9676195,50.3497408,27.96132323
01-01-1994,50.34809799,86.7787629,99.00642444,100.8181905,82.28214109,74.42782841,104.9213813,52.40197557,29.0348952
01-02-1994,50.68757293,88.578588,100.1334776,101.904708,83.78337589,76.90720799,107.3948896,54.88559606,28.52001462
01-03-1994,50.52455957,88.84442465,99.82931459,101.0113224,88.91828439,77.74879073,109.024853,55.15772215,28.10610913
01-04-1994,52.58467333,90.50733178,100.4053432,101.4950509,90.34632849,80.50953377,116.5136487,54.50333699,30.39860255
01-05-1994,54.84570409,92.9976483,102.8171511,102.0905409,109.5244385,83.07915035,117.8518627,57.9624102,32.52549318
01-06-1994,56.58504719,95.08710979,103.5338288,101.3880186,123.3416501,86.55523531,121.3891163,61.3943123,34.06000488
01-07-1994,57.8626459,96.17083124,105.0865509,99.0550256,160.7631322,87.16522794,119.6241785,63.71974517,35.45102851
01-08-1994,56.58565226,95.67608288,104.5088652,99.03016914,155.0823194,86.754253,120.4720256,62.3995083,33.71639425
01-09-1994,56.67587887,98.25329209,107.5962893,101.1492498,167.1084523,88.81610364,120.378863,66.01795036,32.35164976
01-10-1994,56.93374692,97.928527,105.849424,100.4515226,155.6770686,89.92777558,118.4689809,69.31212646,32.95037841
01-11-1994,57.89727969,98.63177347,103.1819549,98.6382751,145.1243403,94.03571947,119.0201281,75.9891865,34.06618769
01-12-1994,57.45446257,99.91016465,104.1640855,101.1346615,132.1284831,95.61335797,120.4029694,77.70752936,32.616404
01-01-1995,58.86762231,101.303488,103.8141436,100.4187209,135.1570496,98.76752134,120.8810268,82.79467556,34.04116871
01-02-1995,59.31705906,100.7855634,104.9210158,101.503249,136.4701781,96.60841949,123.387362,77.26567357,35.05654543
01-03-1995,59.83580949,102.1676902,106.2998599,102.3974214,142.3229931,97.99386209,129.7321034,75.06895614,35.07019073
01-04-1995,61.35181579,102.352347,105.1041177,101.3591872,139.673305,99.57283439,132.147385,76.04385238,37.36508266
01-05-1995,60.71596564,101.4337617,105.4564465,102.056827,136.838093,97.37052219,130.6312554,73.3459024,36.8946424
01-06-1995,60.0791103,102.3720635,108.2361409,106.2183682,126.8620571,96.44886748,125.3623215,75.5643387,35.3362655
01-07-1995,59.05694618,103.1774294,111.0102286,110.0501802,119.8723667,95.26566403,118.3566652,78.58676161,33.24493289
01-08-1995,58.88713853,101.7601878,110.0000818,108.1659312,126.9309963,93.43722346,113.4341309,78.99322141,33.80491737
01-09-1995,58.71567909,100.4537162,109.6208383,108.7555911,117.6078737,91.19417579,113.7115794,74.92958964,34.29747947
01-10-1995,58.048366,100.0215491,111.2740483,110.7435423,116.1711111,88.65560797,111.3035678,72.29671951,33.4925978
01-11-1995,58.49711164,99.73019683,109.1477431,108.4140837,115.9201013,90.21770771,112.747299,73.94431829,34.37432637
01-12-1995,59.35729887,98.63921099,108.8833445,109.3936834,104.1724432,88.29180139,109.2223839,73.17339484,36.37601754
01-01-1996,59.11517266,98.16428599,110.0737661,110.782863,103.5281429,86.13474066,108.9030413,69.68892866,36.27008669
01-02-1996,59.78143451,99.65979161,112.73823,112.9661535,110.634284,86.4495032,108.6072697,70.44468721,36.45121217
01-03-1996,61.5941007,100.4180412,112.7839925,113.588757,105.3552681,87.92742275,111.242929,71.08635764,38.88074868
01-04-1996,64.21449591,104.2802457,119.729175,120.8834396,109.0742409,88.67556818,113.4418276,70.78660695,40.77464237
01-05-1996,63.36446475,106.5551231,122.5582296,123.6075972,112.8715921,90.39068162,116.5997264,71.4595795,38.09643127
01-06-1996,61.22999681,102.1271201,117.9557614,118.7285561,110.8221484,86.13890269,114.8118282,65.42811049,37.30376089
01-07-1996,61.84757505,101.0356193,116.3982692,117.7153932,104.2399909,85.5180912,116.5239334,63.12220581,38.92120966
01-08-1996,62.40554973,101.049118,114.6981708,115.6120711,106.262022,87.26246243,120.2301543,63.44950986,39.79772172
01-09-1996,62.93547611,97.35301792,107.2013464,107.6323329,103.2229406,87.40540366,122.9363283,61.7409978,42.80002016
01-10-1996,63.7580156,95.28206545,103.9910594,103.9905109,103.9961229,86.48527194,122.9054111,60.17857596,45.31535282
01-11-1996,62.91618628,95.67648269,104.4667454,104.6171994,103.0779156,86.79760109,118.0506389,64.22316336,43.75027638
01-12-1996,64.23683447,95.54559959,104.884966,105.3838152,100.2801245,86.1120785,115.2267775,65.08218814,45.92012073
01-01-1997,64.84978514,98.08241751,107.540252,107.877855,104.4238622,88.52923405,116.6183367,68.24014398,45.40754232
01-02-1997,62.13104077,98.96926101,108.003452,107.1925484,115.4888457,89.84399196,118.8512321,68.89172035,40.57940396
01-03-1997,61.54128582,100.9967765,110.3886514,108.3821168,128.9108301,91.51021756,120.7171477,70.41370755,38.45845501
01-04-1997,59.72930165,100.168073,111.2623258,108.8101818,133.8978931,88.96197375,117.8447619,68.09959529,36.07121751
01-05-1997,61.68346073,101.2196833,112.8118518,108.1399807,155.9375623,89.51064862,115.9324823,70.4258466,38.55339894
01-06-1997,58.61509974,97.036494,107.229318,103.4400766,142.2075366,86.74091121,110.2819058,69.7369732,36.13725121
01-07-1997,58.37919047,95.5657167,104.6299868,101.5056758,133.4702796,86.41006536,109.8261113,69.49637926,36.62378258
01-08-1997,58.68470433,95.1307291,103.6141081,100.5854595,131.5713489,86.56182504,108.428869,70.7670013,37.36251548
01-09-1997,58.14669074,93.56535294,102.6191881,99.26503759,133.5811132,84.4202417,107.6660374,67.62952934,37.42554463
01-10-1997,58.95362599,92.09577542,101.7469086,98.98473387,127.2443474,82.34734449,105.4671361,65.64764638,39.56431884
01-11-1997,57.89726244,92.23793637,102.1832961,99.64732157,125.5926972,82.19231263,107.2498512,64.09295706,37.80677687
01-12-1997,54.53048247,88.94946364,100.4739562,96.84769031,133.9477593,77.30878708,99.79001838,61.07032862,34.39418445
01-01-1998,51.13204141,85.97739852,99.35121699,95.29447484,136.7987155,72.46875215,90.60510301,59.36865206,30.74629866
01-02-1998,50.61593924,87.07693208,99.26159591,95.15811026,137.1405804,74.76942878,97.48309801,58.36307767,29.28499355
01-03-1998,49.46886083,86.82960889,97.98216872,94.70473287,128.2359462,75.56461473,99.17671517,58.50931615,27.61152712
01-04-1998,49.81688328,87.62357337,99.36891895,96.46973131,126.131114,75.75981729,99.24943962,58.7929861,27.69865802
01-05-1998,50.2580591,87.36875414,99.9095094,97.54195016,121.7642805,74.70156948,99.43616399,56.8354802,28.54701509
01-06-1998,48.07838006,85.54015984,98.32264901,96.35805637,116.4576641,72.62880424,97.67562579,54.53718969,26.16193928
01-07-1998,47.38683643,83.31272994,95.26609574,93.36815341,112.7858666,71.23885649,94.1619509,54.6812351,26.36894241
01-08-1998,46.05384941,80.90804158,90.69258526,88.0599678,114.9940899,71.02485521,94.46056207,54.0969678,25.66293786
01-09-1998,47.02971714,79.78651547,88.94239031,86.51076844,111.388519,70.53833584,92.49388722,54.67958218,27.86585375
01-10-1998,45.9437538,78.67851195,89.69975918,87.61925359,108.9047584,67.54615422,87.79105205,52.9230258,26.79278467
01-11-1998,44.54733423,78.69233619,89.89409088,87.75469016,109.6427469,67.37765121,87.50189929,52.84166953,24.57132355
01-12-1998,42.2901793,76.83704402,87.02732685,84.6665034,108.8199203,66.54402805,88.08936665,50.98157592,22.07906497
01-01-1999,43.37055034,77.43079576,88.23350056,86.20346074,106.9726538,66.5191837,89.94607538,49.5976636,23.44412516
01-02-1999,41.97159725,75.3093996,84.01180299,82.00799798,102.5087847,66.51926309,90.01026015,49.55143892,22.46782634
01-03-1999,43.89357865,74.7970941,82.01653631,80.17633094,99.00334139,67.50486921,92.17527555,49.6851438,25.81395003
01-04-1999,46.82926386,74.8378175,81.67561921,80.34664279,93.94330608,67.93108062,89.59478953,52.28312822,30.44328833
01-05-1999,47.59420489,75.52163846,81.61980364,80.47786758,92.16093424,69.36199473,90.76425553,53.90288939,31.25568742
01-06-1999,47.37018578,74.42722578,80.19635744,78.94884023,91.71210014,68.59993273,90.74706017,52.60280142,31.54087874
01-07-1999,49.74302386,73.94505168,76.98414742,76.04430188,85.65979473,70.87531736,90.84243404,56.45283353,35.58399798
01-08-1999,52.21285722,76.17365807,79.92112923,79.59589435,82.92334925,72.38840686,92.84836271,57.60993949,38.1949575
01-09-1999,55.07756276,77.94891232,80.0826425,79.69004356,83.70669546,75.79367097,97.12076853,60.38885691,41.69702983
01-10-1999,55.11837872,77.85980052,79.3251728,78.35593947,88.27209684,76.37965511,99.30843381,59.8179279,41.81385804
01-11-1999,57.0956709,77.85703063,79.50427553,78.03637292,93.05438023,76.19317906,98.20721866,60.29217868,44.94955522
01-12-1999,58.26395225,78.79882089,80.51104379,79.2129594,92.49356853,77.06933625,97.42660152,62.3650435,46.25034172
01-01-2000,59.46434685,79.98842936,81.63799036,81.32341687,84.54179588,78.32223834,95.76798575,65.72096927,47.45704658
01-02-2000,61.75714055,80.75562019,82.18529007,82.38305449,80.35974074,79.31153711,97.92853049,65.86426327,50.64237088
01-03-2000,62.20453524,80.68905386,82.25952536,82.33617472,81.55198055,79.10274967,100.1356906,63.91040843,51.3904506
01-04-2000,58.33930664,80.62117707,84.0911179,84.65151983,78.91808748,77.11625409,99.67621915,60.82092531,45.30363945
01-05-2000,62.48458627,81.49494207,84.56511338,85.18672729,78.82703952,78.39381889,101.1177537,61.98005282,51.36286863
01-06-2000,64.61293505,79.98799577,83.35764518,84.10423144,76.46596049,76.58437531,97.96516821,61.14077648,55.61799115
01-07-2000,63.04158435,79.16611826,81.0228275,81.46305313,76.95913596,77.29069065,97.73042845,62.52682702,53.60817264
01-08-2000,63.9493591,77.8862791,79.16533124,79.91423125,72.25228847,76.59433222,96.32617643,62.34178848,55.79577741
01-09-2000,67.21110807,78.86919268,77.96118595,78.55896676,72.44311385,79.78635347,100.1219317,65.09772552,60.39072413
01-10-2000,66.14640688,76.96986942,76.80419019,77.42450471,71.07811089,77.13721895,98.97274928,61.36515792,59.81430581
01-11-2000,66.94413942,76.52426402,76.38585984,77.23867661,68.51356881,76.66406353,100.1203755,59.72129282,61.33943417
01-12-2000,61.06192292,77.44731404,79.09536589,80.48314104,66.28491216,75.78264737,95.0087123,61.89543397,51.47590068
01-01-2001,61.87048989,78.21004995,78.62926508,79.76851427,68.11293669,77.78660852,99.23009785,62.29772332,52.31128041
01-02-2001,62.46401882,77.92876409,78.58683993,79.25251581,72.44203316,77.26405387,98.89127831,61.64245463,53.41660634
01-03-2001,60.32726745,78.08430622,79.845558,80.83883237,70.67671286,76.30529842,99.78140383,59.34823065,49.93878375
01-04-2001,61.148664,78.43760914,78.61644522,79.77617792,67.91103503,78.25697013,105.5242293,58.56150732,51.03403131
01-05-2001,63.33987094,79.67846467,80.55544482,81.93979345,67.77662099,78.79264327,104.8226388,59.99087054,53.7812268
01-06-2001,62.41232398,78.82490823,80.8003367,82.68043989,63.4452377,76.82956451,103.5748942,57.51109748,52.81039282
01-07-2001,59.57934038,78.17349457,83.65790198,86.03490284,61.71597594,72.63379621,96.83184454,55.15526057,48.70111511
01-08-2001,59.79038508,76.35588822,83.43115178,85.62266705,63.2014301,69.20929551,90.92085922,53.52677703,50.09899106
01-09-2001,57.73345118,73.48874436,79.88179401,81.88784633,61.36406757,67.0312433,87.66601903,52.12650146,48.5160581
01-10-2001,51.99694191,70.36758256,76.21234856,77.89871925,60.64558051,64.46389267,84.0486392,50.31759931,41.24947983
01-11-2001,49.95746409,71.35653811,76.34256158,77.68618621,63.93965811,66.32024814,86.05385067,52.06643433,37.43826342
01-12-2001,49.39313958,70.70957016,75.83106149,76.86506752,66.28622536,65.53644662,83.34411267,52.67375945,36.92228819
01-01-2002,50.06365301,71.40286108,76.56005927,77.45467791,68.30189816,66.19367069,83.15784309,53.94024893,37.579476
01-02-2002,51.24304813,72.2450556,76.37259689,76.85400951,71.92871118,68.07590258,87.36113575,54.14595126,38.95614517
01-03-2002,55.85924255,74.32604282,78.59122435,78.49526549,79.47701376,70.01786194,89.78355296,55.74087025,45.05552375
01-04-2002,57.54950837,73.99812491,77.28273178,77.17941004,78.23648739,70.68040434,92.16808804,55.15959703,47.92649707
01-05-2002,58.14364661,74.68782519,78.90573864,79.29277042,75.33307573,70.42738892,92.57088141,54.4328832,48.4647282
01-06-2002,57.64544811,76.90959251,81.31145201,81.88713429,75.99736986,72.46335574,96.17422813,55.33671303,46.37525533
01-07-2002,59.87677792,79.11710573,85.43052042,85.89270452,81.1641318,72.74004246,97.80633854,54.63436123,48.62051868
01-08-2002,60.53186652,79.12870501,86.21070626,86.52872257,83.27512035,71.97530669,99.09235351,52.38834401,49.65207086
01-09-2002,62.92855558,81.03559119,88.54767138,88.16791347,92.05318973,73.4477781,102.4338157,52.51082138,52.33531158
01-10-2002,62.71651679,81.38905476,89.04069265,88.50173305,94.0157904,73.66027703,102.3834246,52.91320885,51.7924343
01-11-2002,59.66089308,80.62062145,87.15261959,87.06489952,87.96235736,74.02277109,100.052075,55.22149795,47.39872486
01-12-2002,62.65693983,79.97331826,87.72074322,87.33730787,91.26020774,72.14778777,95.31912956,55.41085437,52.52625771
01-01-2003,66.46589696,81.33148421,89.26072758,88.43889638,96.84699303,73.32230231,95.8913297,57.02042771,57.76901271
01-02-2003,69.35261593,81.88724755,89.4298272,88.39063939,99.02249603,74.26862751,96.02380576,58.55460573,62.01942159
01-03-2003,65.72640875,80.04645415,87.14865997,86.79655776,90.39889046,72.87264757,94.17269062,57.48737531,57.3486854
01-04-2003,60.68916888,79.668209,86.90130493,86.58852982,89.78850977,72.36219274,95.67186753,55.52533978,49.58577201
01-05-2003,61.47085084,80.14239949,88.56099935,88.97822648,84.70960531,71.63892767,90.73756196,57.84375892,50.54734714
01-06-2003,62.98943402,79.19842839,85.98222977,86.65186961,79.80083198,72.34623624,91.25587533,58.68758095,53.50661
01-07-2003,63.29369612,78.42737022,83.10882975,83.39150845,80.49944281,73.69871463,93.01810699,59.74408973,54.43997176
01-08-2003,64.94796753,79.78215426,84.27238498,84.67717072,80.53583654,75.24665536,95.37719586,60.70612858,56.26945367
01-09-2003,63.03178404,81.94802382,87.8055841,88.32679656,82.99430886,76.03141066,97.19406144,60.74537845,51.96512753
01-10-2003,66.3894508,85.16813204,91.43198319,92.8126287,78.68734258,78.84113199,98.94614917,64.31904101,55.40327082
01-11-2003,67.3194551,86.94309583,93.38779701,94.9613274,78.86264978,80.43342251,99.16404658,66.90407189,55.83894451
01-12-2003,69.10168972,88.14170082,94.10935055,95.23840364,83.68714168,82.11388834,97.59635273,70.93072175,57.9626227
01-01-2004,71.96019146,91.80786034,97.48628241,98.67974003,86.4695599,86.07219136,100.1640123,75.89350294,60.34861663
01-02-2004,73.00877216,94.66727599,100.1576169,101.801091,84.98682452,89.12158431,100.9240796,80.59650281,60.33779607
01-03-2004,76.51457111,96.87720702,104.7465661,107.1138336,82.89448776,88.92851317,99.3676155,81.38822647,64.60172269
01-04-2004,77.06672785,97.04730019,106.1339293,109.0499091,79.21672671,87.86906438,96.92170135,81.33023795,65.37739988
01-05-2004,81.05719481,96.52906116,106.3478747,109.2404886,79.64636102,86.61125942,99.86023666,77.04136694,72.00561626
01-06-2004,79.14525731,95.81992283,103.1717215,105.4542609,82.10176266,88.39400712,100.6580108,79.53557262,69.38999951
01-07-2004,81.44545622,95.20019821,100.4464693,102.3586075,82.79565736,89.90103691,100.934527,81.93141688,73.39845498
01-08-2004,84.6088549,92.94306373,96.49402153,97.52329971,86.99282782,89.35630702,101.2131085,80.79199948,79.73305361
01-09-2004,83.63187975,92.18619752,94.71982251,95.54635493,87.09016046,89.62702985,100.2081404,81.98416895,78.62730709
01-10-2004,89.22494709,91.59530201,91.52576327,92.61394683,81.4808182,91.66554179,99.59055261,85.94121303,87.83820724
01-11-2004,84.51258773,91.898536,92.62623927,93.08121058,88.42643137,91.1634964,97.47956402,86.60132629,80.19155177
01-12-2004,81.58204707,92.39092932,94.50694338,94.53277131,94.26852762,90.2535827,94.17562468,87.42064553,75.25847598
01-01-2005,86.60532392,95.02696886,94.92026638,94.88279959,95.26611964,95.13474706,97.89797659,93.13883378,81.67836948
01-02-2005,88.88714863,97.44928968,98.43567219,97.56701108,106.4542212,96.45296298,97.41271191,95.75972501,83.87799908
01-03-2005,97.31410856,101.9814381,103.4665057,102.5957598,111.5042992,100.4813989,101.4933634,99.75044495,94.58355886
01-04-2005,96.6124225,99.26863069,100.4211359,100.1604011,102.82796,98.10450652,98.64577666,97.71354072,95.05844857
01-05-2005,93.54866994,98.84099536,100.886452,100.6881316,102.7171338,96.77491749,99.24945865,94.98752722,90.45247598
01-06-2005,99.95691707,99.6883512,101.6066718,101.2448954,104.9462048,97.75069104,99.60113697,96.41409212,100.1140374
01-07-2005,103.0348295,99.74428737,101.8709799,102.2501216,98.37115006,97.59615465,99.41721924,96.28077822,104.9599109
01-08-2005,109.1463384,100.4939789,100.3138612,100.6333326,97.36484342,100.6759124,101.422526,100.1366247,114.2082689
01-09-2005,109.3097199,100.0677854,99.55343687,100.116455,94.35625665,100.5873194,101.5393912,99.89962663,114.7165722
01-10-2005,106.773426,101.0271579,99.74855907,100.3166004,94.50501015,102.318647,101.5546372,102.8705003,110.1351922
01-11-2005,102.8434706,101.3652848,98.0273289,98.39414192,94.64130397,104.7368922,101.0963463,107.3665014,103.7082605
01-12-2005,105.9676249,105.0458317,100.7491301,101.1503501,97.04549716,109.3858504,100.6694559,115.681805,106.5069059
01-01-2006,113.1209528,108.6542576,102.3673242,101.7300471,108.2499846,115.0045725,102.0929233,124.3308089,115.7341245
01-02-2006,111.8145063,111.9634851,105.3528887,104.8875314,109.6485687,118.6407261,105.0741298,128.4400386,111.7273485
01-03-2006,113.3035515,112.7220906,105.8696691,105.8826839,105.7495305,119.6435948,105.0378645,130.193486,113.6437263
01-04-2006,123.212915,119.1149752,107.9865775,108.3179021,104.9281434,130.3555637,105.376419,148.3982944,125.610352
01-05-2006,127.6007258,129.3545902,114.7671322,115.8683407,104.6019547,144.0891114,109.4048591,169.1419558,126.5746543
01-06-2006,125.9430839,125.8118839,115.3615948,116.586502,104.0545634,136.3675275,111.9831914,153.980621,126.0198404
01-07-2006,131.0284586,127.9436598,114.5791974,115.2316562,108.5563965,141.4428557,111.4177404,163.1303506,132.833173
01-08-2006,130.3877312,127.6094143,112.6035673,112.8186611,110.6180521,142.7665424,111.4388186,165.3949267,132.013143
01-09-2006,119.1675173,125.1525264,108.0038695,107.9821722,108.2041558,142.4740671,109.4264286,166.3447661,115.6660793
01-10-2006,116.0513136,128.1721382,109.559051,109.8575113,106.8039855,146.9728729,109.9283807,173.7305464,108.9602108
01-11-2006,117.3435209,130.2501094,113.364108,113.550543,111.6431396,147.3063467,110.0342378,174.2284305,109.792719
01-12-2006,120.9493369,132.350778,114.4807525,114.1560914,117.4776759,150.4009598,113.520918,177.0398489,114.2790984
01-01-2007,112.9878935,131.1544464,114.6274965,114.2939241,117.70668,147.8480125,116.1034774,170.7774645,102.3598299
01-02-2007,118.5079633,134.4061818,118.1826286,118.2898514,117.1928628,150.7932924,118.6558472,174.0065481,109.206954
01-03-2007,122.414294,136.647631,117.8477763,117.9322687,117.0678321,155.6370161,116.6975811,183.7634291,114.0872982
01-04-2007,129.0327882,142.5870554,118.4869725,118.4022455,119.2690806,166.9301028,118.4466113,201.9503004,121.1030718
01-05-2007,129.9510291,144.4083579,120.0353954,120.0891559,119.5391364,169.0270359,118.7012635,205.3779347,121.4929902
01-06-2007,133.0572013,143.852776,125.0476805,125.0719004,124.824108,162.8474548,115.0730826,197.3554472,126.7414155
01-07-2007,138.2946859,143.6432505,127.0477715,126.9475361,127.973038,160.4060365,110.3888569,196.5340352,135.16559
01-08-2007,133.1676828,138.5726655,128.4746388,129.1783604,121.9786345,148.7724953,105.6196848,179.9422791,130.0055805
01-09-2007,140.7490161,141.254942,133.9801121,134.6979794,127.3535299,148.6031131,112.2746869,174.8435636,140.4530318
01-10-2007,147.9042945,143.4157273,135.8584175,136.5871005,129.1319967,151.0492259,111.1634615,179.8591838,150.5302621
01-11-2007,157.8428804,142.7387838,137.5423242,138.7422916,126.4655107,147.9876314,113.6745816,172.7723519,166.6793009
01-12-2007,156.7423675,143.138252,144.4120273,145.8443739,131.1901369,141.8516352,113.1759344,162.5644319,164.701247
01-01-2008,162.455275,151.9902014,152.0623745,153.4808887,138.9681705,151.9173007,115.2517444,178.4012644,168.5777062
01-02-2008,171.382091,163.0323902,166.5514416,167.3444679,159.2310727,159.4778616,116.0748651,190.8283578,176.2669556
01-03-2008,181.8093101,169.778637,173.5224615,174.9921599,159.95578,165.9970691,117.4449762,201.0668184,188.8476713
01-04-2008,189.7446961,168.2914214,171.8318393,173.7081913,154.5113676,164.7153109,117.3161262,198.9523009,202.295606
01-05-2008,204.0860869,166.2103802,172.1299146,173.8598916,156.1606198,160.2311681,118.3857845,190.4565822,226.2446893
01-06-2008,215.9046847,168.9288566,179.7799799,181.128641,167.3305845,157.9683379,118.7827832,186.2725261,243.3871738
01-07-2008,219.8994998,169.4742905,178.6573648,179.8968172,167.2160677,160.1986372,121.7610603,187.9625523,249.3999966
01-08-2008,195.9623439,159.2198748,167.2751064,167.4617228,165.5524642,151.0834346,117.9856824,174.9903313,217.4579629
01-09-2008,176.3746948,149.6391282,155.2229099,154.8161687,158.9775089,143.9990537,116.1681625,164.1016345,192.0159288
01-10-2008,139.1830695,126.3755685,130.3584784,129.8293963,135.2423981,122.3525049,109.7158091,131.4801393,146.675902
01-11-2008,114.8520638,116.8152743,122.4455652,121.8080521,128.3304033,111.1282217,104.1912337,116.13889,113.7035176
01-12-2008,98.24138826,109.6863842,120.2248796,118.8908463,132.5392464,99.04164501,87.32377064,107.5056038,91.54566862
01-01-2009,102.4871538,115.3680384,129.3228433,127.8403819,143.0073396,101.2725483,89.6570008,109.6625953,94.95138946
01-02-2009,98.15756931,112.6199849,125.928819,124.0160235,143.5856983,99.17697796,87.1727726,107.8477571,89.69655449
01-03-2009,100.136529,111.2350758,126.8788916,125.7210291,137.5670379,95.43354711,81.4450575,105.5375981,93.64349417
01-04-2009,104.1580157,116.3146235,132.7912961,131.877532,141.2261879,99.6718416,82.09892345,112.3649676,97.0459784
01-05-2009,114.9338088,123.744291,142.6292223,142.277643,145.8746257,104.6689717,85.45387744,118.5482608,109.7793711
01-06-2009,128.3075973,128.9299558,144.5227268,144.1440028,148.0187012,113.1799866,88.65681377,130.8933635,127.9434959
01-07-2009,123.522563,129.842388,139.228883,137.8217291,152.2182205,120.3612632,93.13820909,140.0247962,119.8252461
01-08-2009,132.9120027,137.1391996,138.2879295,136.190918,157.6452937,135.9788889,100.9075611,161.3113225,130.4389458
01-09-2009,127.5518596,132.356772,134.7886909,131.3981207,166.086804,129.9003358,100.3190989,151.267212,124.7408191
01-10-2009,134.8064609,134.7950096,136.1594583,132.41803,170.6963166,133.4168053,100.1132057,157.472388,134.8131603
01-11-2009,140.8515769,140.9066507,140.1110808,136.826174,170.4338222,141.7102411,107.180758,166.6512939,140.8193569
01-12-2009,140.8145344,145.8930619,142.6221633,138.9302066,176.7023525,149.1969361,111.0068616,176.7820772,137.8434195
01-01-2010,146.0524709,150.0068233,141.8674755,138.3898076,173.9695806,158.2282277,112.6028712,191.1839607,143.7390376
01-02-2010,142.376425,147.6379835,140.846247,137.9611974,167.4779355,154.4981907,114.7153955,183.2337728,139.2982307
01-03-2010,148.8207152,153.1536296,141.5771455,139.1153698,164.3016221,164.8468219,117.5912318,198.9800918,146.2858099
01-04-2010,157.9309162,162.5591357,145.5564958,142.9489044,169.6269863,179.7331875,122.9062791,220.7799335,155.2232473
01-05-2010,146.6609286,155.2739379,144.2941878,141.8343309,167.000952,166.3643803,121.6827933,198.6384174,141.6220193
01-06-2010,143.6808982,149.7402199,141.9449001,138.4812261,173.9178282,157.6141281,122.6399139,182.8764154,140.1359849
01-07-2010,144.2487702,151.9445021,149.0762394,145.8220856,179.1151017,154.8416812,120.8847001,179.3692091,139.7465001
01-08-2010,148.5796884,160.9417318,155.5718198,152.8081543,181.0830193,166.3657805,122.5416779,198.0204466,141.3474642
01-09-2010,150.3749141,164.7695466,159.5668253,157.3807924,179.7459392,170.0247191,125.4283763,202.2371833,141.9535547
01-10-2010,159.6011436,173.7416103,166.2089926,164.6382442,180.7084593,181.3501679,132.987544,216.2830614,151.32848
01-11-2010,165.005917,178.4880367,168.790053,167.0080938,185.2391919,188.2837905,140.7027232,222.6521564,157.1184093
01-12-2010,174.9592492,188.3495141,179.6779669,178.2807289,192.5757722,197.1084833,146.6122262,233.5825253,167.1254797
01-01-2011,182.3676347,197.873596,187.9868643,186.0661898,205.7164743,207.8600006,155.7761256,245.4807977,173.2961094
01-02-2011,190.2225619,205.0807624,194.7241915,191.8718123,221.0543015,215.5417428,159.2027674,256.2360491,181.5299991
01-03-2011,199.852422,201.7425938,190.5943316,187.1932508,221.9894675,213.0032469,169.7997587,244.2096358,198.746606
01-04-2011,210.3752917,206.6168623,196.2663802,194.0602661,216.6308627,217.0716926,171.3678414,250.0841233,212.5741032
01-05-2011,199.5094959,198.7610342,190.9159121,188.3170152,214.906145,206.6852467,161.305292,239.463723,199.9473719
01-06-2011,196.0942849,195.1464023,185.9575235,183.489725,208.737597,204.4279185,161.1188674,235.7105568,196.6488291
01-07-2011,199.1095632,196.016237,185.0034278,182.3000713,209.9579199,207.1400717,158.561066,242.2292603,200.9192663
01-08-2011,190.657713,192.3811519,186.299439,183.7802989,209.5534418,198.5241775,151.0300608,232.829738,189.6494415
01-09-2011,188.8038077,185.9923411,179.3124997,176.6211235,204.1564019,192.7395253,149.3192449,224.1025058,190.4486131
01-10-2011,182.9362358,172.2030608,168.8906984,166.6090596,189.952344,175.5488167,140.452858,200.8990416,189.2155155
01-11-2011,186.3999029,167.9125126,167.1877987,165.1077564,186.3885211,168.6445327,134.5448846,193.2751106,197.2156676
01-12-2011,184.1482832,165.1223685,164.3710631,162.9499208,177.489527,165.8812482,129.5701921,192.1091523,195.2791033
01-01-2012,188.4902515,169.3447322,166.1151801,164.8007935,178.248189,172.6068429,131.8575492,202.0405382,199.6910444
01-02-2012,195.9780294,174.3240264,170.9586381,170.3797166,176.3026216,177.7233427,137.0495021,207.1025373,208.6463723
01-03-2012,201.8298615,175.9399095,173.9512299,174.2693697,171.0145041,177.9486379,137.8348018,206.9233347,216.9763816
01-04-2012,197.5468414,175.1975457,173.6590184,174.4913243,165.9760617,176.7515836,139.7400463,203.4854534,210.6219547
01-05-2012,185.2181241,169.8064753,169.6115927,170.4506846,161.8659955,170.0033227,137.6991568,193.3370026,194.2344732
01-06-2012,170.0369951,165.8830591,168.3796205,169.2459624,160.3824804,163.3613285,132.4487757,185.6898299,172.4671918
01-07-2012,178.0983461,172.8131057,183.7919324,185.4831214,168.1806867,161.7235961,132.0575405,183.1517379,181.190395
01-08-2012,185.6854334,170.1277113,185.1384421,186.9201614,168.6915172,154.9656502,130.699427,172.4934293,194.7872406
01-09-2012,187.0950073,171.0546941,181.8276598,182.9030657,171.9006643,160.1731209,132.8355933,179.9193395,196.4791469
01-10-2012,183.276978,170.0452921,178.1008354,179.3392037,166.6695456,161.908537,132.1496631,183.4037225,191.0179733
01-11-2012,180.7399039,168.6721962,176.4438384,178.0394486,161.7148749,160.8222042,131.3345031,182.1215184,187.7999316
01-12-2012,182.5592736,172.4665243,177.3317533,179.4794302,157.5067013,167.5522466,132.6795115,192.7412345,188.463882
01-01-2013,187.5801917,176.0407719,178.5105979,181.0563469,155.0109692,173.5460463,133.6812466,202.3408613,194.3311527
01-02-2013,190.7423465,177.1690231,179.2907777,182.2760723,151.7337354,175.0258782,133.2712669,205.1857262,198.6832115
01-03-2013,183.717643,171.9047844,177.5057102,180.4945481,149.9159594,166.2473929,132.4823472,190.6362836,190.6285751
01-04-2013,179.0157147,169.7507355,177.1504271,180.1605132,149.3645359,162.276444,132.8303328,183.5457173,184.4360489
01-05-2013,179.4698423,170.8447857,181.6894134,185.117475,150.0452205,159.8908282,137.0381475,176.3975889,184.5157996
01-06-2013,179.1547127,169.4173379,181.0572797,185.3474033,141.4554541,157.6600481,141.0429174,169.6627976,184.8514148
01-07-2013,183.5164717,168.5769513,179.5094816,183.409773,143.5061686,157.5342049,136.5870135,172.6646082,192.2566094
01-08-2013,185.6437507,166.6340586,172.0477719,174.8864082,145.8445214,161.165767,133.9906833,180.7946504,196.76508
01-09-2013,185.0344204,162.7021299,165.8325993,168.1280319,144.643624,159.5401008,134.4540879,177.6600237,198.0995851
01-10-2013,182.2953117,164.0799096,166.8585975,169.2696469,144.6023721,161.2732083,136.9104496,178.8707162,192.9519538
01-11-2013,179.6243124,163.7451756,165.5313338,167.9512933,143.1928602,161.9410103,139.8040921,177.9307674,188.9141582
01-12-2013,184.2121905,166.9487336,170.1736942,172.3741377,149.8615565,163.6912606,142.3130772,179.1329746,194.3119117
01-01-2014,180.0343512,164.7476222,168.6560978,170.5371163,151.2925506,160.7997432,139.1955511,176.404706,188.9776179
01-02-2014,183.1831228,166.572833,174.4245288,174.9684137,169.4039659,158.6419805,140.2093673,171.9560743,192.9007186
01-03-2014,183.0610994,169.7692821,182.9500041,182.9467978,182.9796013,156.4556788,144.6463826,164.9856728,190.8372736
01-04-2014,184.610653,171.7002097,184.7853495,184.8080724,184.575596,158.4831524,143.2646934,169.4756248,192.1637102
01-05-2014,184.267474,168.7208006,182.2294761,182.4716197,179.9942656,155.0759377,142.0012809,164.5199165,193.3628173
01-06-2014,185.1597804,164.5744781,176.1845955,175.9525499,178.326592,152.8473135,140.3875649,161.8471368,197.2028964
01-07-2014,181.2780857,165.0090475,173.3340415,172.5846039,180.2520462,156.6001252,139.7698621,168.7568227,190.7960374
01-08-2014,175.2130901,162.0115675,168.8564656,167.0316559,185.7011542,155.0976627,136.9450869,168.2094823,182.9364388
01-09-2014,168.4349663,155.8991452,160.7830879,158.2861116,183.8324981,150.9659652,136.4219692,161.471265,175.7688565
01-10-2014,157.5304331,153.8199467,159.4652258,156.3974357,187.7837781,148.1177549,136.021406,156.8550903,159.7011963
01-11-2014,148.4066876,153.6715356,159.963698,158.0389996,177.7304527,147.3159389,134.7103524,156.4211027,145.3265689
01-12-2014,130.8708069,150.7511026,159.772007,158.1906663,174.3692512,141.6392541,131.8706634,148.6952224,119.2401443
01-01-2015,114.8035617,145.6846836,155.1615429,153.267236,172.6477553,136.1122835,130.2825844,140.323144,96.73703401
01-02-2015,120.8807239,142.3880506,150.1907152,147.6823863,173.3449208,134.5067235,130.6528845,137.2903968,108.2981916
01-03-2015,117.0665933,139.1229336,146.4198769,144.3917602,165.1412782,131.7524262,127.8100841,134.6000264,104.1628691
01-04-2015,119.5678699,138.1758698,145.3953994,143.2535569,165.166595,130.8835566,126.8536409,133.7944123,108.6815445
01-05-2015,124.8403124,139.5214072,145.1332251,142.5315055,169.1495142,133.8530138,125.9341864,139.5728761,116.2513627
01-06-2015,122.8825737,138.1404655,146.4305193,143.1262049,176.9324109,129.7668356,125.0557259,133.1697257,113.9561777
01-07-2015,114.7888686,135.3474402,149.4767137,146.2331185,179.41811,121.0757226,118.0706957,123.246289,102.761391
01-08-2015,104.2354895,130.1735108,144.1961466,140.8263085,175.3028826,116.0095059,111.5947029,119.1983703,89.06084729
01-09-2015,103.4755627,127.7665173,138.3269836,134.5769581,172.9432024,117.0995858,112.2837988,120.5780856,89.26451151
01-10-2015,103.4669163,126.907455,137.8522159,133.8991407,174.3427717,115.8523546,112.9245081,117.9671727,89.75338797
01-11-2015,97.46766846,122.0404274,134.6544835,130.3716122,174.1893638,109.2992029,109.512921,109.1448318,83.09175203
01-12-2015,90.73479199,121.6694447,136.3043585,132.3867005,172.467981,106.8869892,109.4226385,105.0554598,72.63694701
01-01-2016,83.15094674,121.2956268,136.615213,134.1868704,159.0310709,105.8215965,108.7553243,103.7025303,60.83498561
01-02-2016,84.83481154,123.0064525,136.9954341,134.9156165,156.1940827,108.8764412,108.8557168,108.8914107,62.50307734
